id,name,first,last
a0e2,carlos-alcaraz,carlos,alcaraz
n409,rafael-nadal,rafael,nadal
rh16,casper-ruud,casper,ruud
te51,stefanos-tsitsipas,stefanos,tsitsipas
d643,novak-djokovic,novak,djokovic
ag37,felix-auger-aliassime,felix-auger,aliassime
mm58,daniil-medvedev,daniil,medvedev
re44,andrey-rublev,andrey,rublev
fb98,taylor-fritz,taylor,fritz
hb71,hubert-hurkacz,hubert,hurkacz
r0dg,holger-rune,holger,rune
z355,alexander-zverev,alexander,zverev
cd85,pablo-carreno-busta,pablo-carreno,busta
n771,cameron-norrie,cameron,norrie
s0ag,jannik-sinner,jannik,sinner
bk40,matteo-berrettini,matteo,berrettini
c977,marin-cilic,marin,cilic
su55,denis-shapovalov,denis,shapovalov
td51,frances-tiafoe,frances,tiafoe
ke29,karen-khachanov,karen,khachanov
bd06,roberto-bautista-agut,roberto-bautista,agut
ke17,nick-kyrgios,nick,kyrgios
m0ej,lorenzo-musetti,lorenzo,musetti
dh58,alex-de-minaur,alex-de,minaur
sm37,diego-schwartzman,diego,schwartzman
cg80,borna-coric,borna,coric
e687,daniel-evans,daniel,evans
d875,grigor-dimitrov,grigor,dimitrov
ki95,miomir-kecmanovic,miomir,kecmanovic
c0au,francisco-cerundolo,francisco,cerundolo
dh50,alejandro-davidovich-fokina,alejandro-davidovich,fokina
pl56,tommy-paul,tommy,paul
k0ah,sebastian-korda,sebastian,korda
c0bc,maxime-cressy,maxime,cressy
v812,botic-van-de-zandschulp,botic-van-de,zandschulp
n732,yoshihito-nishioka,yoshihito,nishioka
bk92,alexander-bublik,alexander,bublik
o522,reilly-opelka,reilly,opelka
r772,albert-ramos-vinolas,albert-ramos,vinolas
rh24,emil-ruusuvuori,emil,ruusuvuori
i186,john-isner,john,isner
d0co,jack-draper,jack,draper
b0bi,sebastian-baez,sebastian,baez
rc91,arthur-rinderknech,arthur,rinderknech
su87,lorenzo-sonego,lorenzo,sonego
me82,adrian-mannarino,adrian,mannarino
n0ae,brandon-nakashima,brandon,nakashima
b0cd,jenson-brooksby,jenson,brooksby
mc10,andy-murray,andy,murray
mv14,alex-molcan,alex,molcan
mw02,corentin-moutet,corentin,moutet
mc65,gael-monfils,gael,monfils
gb88,david-goffin,david,goffin
kb05,filip-krajinovic,filip,krajinovic
f510,fabio-fognini,fabio,fognini
hh06,marc-andrea-huesler,marc-andrea,huesler
cg04,pedro-cachin,pedro,cachin
mu94,jaume-munar,jaume,munar
kc56,aslan-karatsev,aslan,karatsev
bm95,benjamin-bonzi,benjamin,bonzi
gc88,marcos-giron,marcos,giron
mo44,pedro-martinez,pedro,martinez
mk66,mackenzie-mcdonald,mackenzie,mcdonald
hb64,quentin-halys,quentin,halys
lb66,constant-lestienne,constant,lestienne
w09g,j.j.-wolf,j.j.,wolf
ge33,daniel-elahi-galan,daniel-elahi,galan
g628,richard-gasquet,richard,gasquet
y268,mikael-ymer,mikael,ymer
db63,laslo-djere,laslo,djere
mj08,thiago-monteiro,thiago,monteiro
z419,bernabe-zapata-miralles,bernabe-zapata,miralles
i305,ilya-ivashka,ilya,ivashka
cf59,roberto-carballes-baena,roberto-carballes,baena
ce77,federico-coria,federico,coria
o449,oscar-otte,oscar,otte
mq75,kamil-majchrzak,kamil,majchrzak
o483,christopher-o'connell,christopher,o'connell
ea24,tomas-martin-etcheverry,tomas-martin,etcheverry
l987,dusan-lajovic,dusan,lajovic
l0bv,jiri-lehecka,jiri,lehecka
sh90,joao-sousa,joao,sousa
kf17,soonwoo-kwon,soonwoo,kwon
tc61,jordan-thompson,jordan,thompson
gd64,cristian-garin,cristian,garin
hh26,ugo-humbert,ugo,humbert
f724,marton-fucsovics,marton,fucsovics
sx50,roman-safiullin,roman,safiullin
bf23,facundo-bagnis,facundo,bagnis
bk24,gregoire-barrere,gregoire,barrere
bg23,nikoloz-basilashvili,nikoloz,basilashvili
da81,taro-daniel,taro,daniel
kd46,thanasi-kokkinakis,thanasi,kokkinakis
ae14,daniel-altmaier,daniel,altmaier
gj37,tallon-griekspoor,tallon,griekspoor
s0s1,ben-shelton,ben,shelton
m0fh,tomas-machac,tomas,machac
pd07,vasek-pospisil,vasek,pospisil
z371,zhizhen-zhang,zhizhen,zhang
te30,alejandro-tabilo,alejandro,tabilo
